"user_id","ts","impression_time","deal_id","swipe_direction"
"10134011588060","1530731730205","34642","40000010","SWIPED_OUT"
"10134011588060","1530731749585","19406","40000011","SWIPED_IN"
"10134011588060","1530731939617","7274","20000040","SWIPED_IN"
"10134011588060","1530731945285","5779","20000038","SWIPED_OUT"
"10134011588060","1530731951290","4587","20000037","SWIPED_OUT"
"10134011588060","1530731955260","5288","20000042","SWIPED_OUT"
"10134011588060","1530731961593","6040","20000043","SWIPED_OUT"
"10134011588060","1530731962628","1472","20000045","SWIPED_OUT"
"10134011588060","1530731964567","1787","20000039","SWIPED_OUT"
"10134011588060","1530731968562","4114","20000046","SWIPED_IN"
"10134011588060","1530731971587","3003","20000041","SWIPED_OUT"
"10134011588060","1530731982635","11104","20000038","SWIPED_OUT"
"10134011588060","1530731983481","841","20000037","SWIPED_OUT"
"10134011588060","1530732137862","1506","30000052","SWIPED_OUT"
"10134011588060","1530732149660","11772","30000056","SWIPED_OUT"
"10134011588060","1530732153809","4149","30000055","SWIPED_OUT"
"10134011588060","1530732159600","4299","30000057","SWIPED_IN"
"10134011588060","1530732192341","34033","30000054","SWIPED_OUT"
"10134011588060","1530732196082","3948","30000053","SWIPED_IN"
"10134011588060","1530732206890","10774","30000047","SWIPED_IN"
"10134011588060","1530732214574","7484","30000048","SWIPED_IN"
"10134011588060","1530732218945","4591","30000049","SWIPED_OUT"
"10134011588060","1530732223882","4941","30000050","SWIPED_OUT"
"10134011588060","1530732228714","4823","30000051","SWIPED_IN"
"10160362424221","1531004182356","5241","40000010","SWIPED_OUT"
"10160362424221","1531004183245","808","40000011","SWIPED_OUT"
"10160362424221","1531004188840","5749","40000010","SWIPED_OUT"
"10160362424221","1531004189763","921","40000011","SWIPED_OUT"
"10160362424221","1531004191171","1416","40000012","SWIPED_IN"
"10160362424221","1531004191885","670","40000013","SWIPED_OUT"
"10160362424221","1531004192408","568","40000014","SWIPED_OUT"
"10160362424221","1531004192991","576","40000015","SWIPED_OUT"
"10160362424221","1531004193609","628","40000016","SWIPED_OUT"
"10160362424221","1531004195298","660","40000017","SWIPED_OUT"
"10160362424221","1531004195407","651","40000018","SWIPED_OUT"
"10160362424221","1531004196021","1071","20000040","SWIPED_IN"
"10160362424221","1531004196630","615","20000037","SWIPED_IN"
"10160362424221","1531004197890","1280","20000042","SWIPED_OUT"
"10160362424221","1531004198450","561","20000043","SWIPED_OUT"
"10160362424221","1531004199618","1171","20000045","SWIPED_OUT"
"10160362424221","1531004200337","651","20000039","SWIPED_OUT"
"10160362424221","1531004200914","592","20000046","SWIPED_OUT"
"10160362424221","1531004201472","581","20000041","SWIPED_OUT"
"10160362424221","1531004202045","601","20000044","SWIPED_OUT"
"10160362424221","1531004212482","10360","30000002","SWIPED_OUT"
"10160362424221","1531004213408","982","30000054","SWIPED_OUT"
"10160362424221","1531004214132","736","30000053","SWIPED_OUT"
"10160362424221","1531004215036","886","30000051","SWIPED_OUT"
"10160362424221","1531004216511","1489","30000052","SWIPED_OUT"
"10160362424221","1531004218133","1632","20000028","SWIPED_OUT"
"10160362424221","1531004219037","887","31000002","SWIPED_OUT"
"10160362424221","1531004219741","726","21000028","SWIPED_OUT"
"10160362424221","1531004293194","2271","20000026","SWIPED_IN"
"10160362424221","1531004294520","1422","40000005","SWIPED_OUT"
"10160362424221","1531004295459","952","40000006","SWIPED_OUT"
"10160362424221","1531004296417","957","40000007","SWIPED_OUT"
"10160362424221","1531004298489","2020","40000008","SWIPED_OUT"
"10160362424221","1531004299421","836","40000009","SWIPED_OUT"
"10160362424221","1531004300236","770","30000001","SWIPED_OUT"
"10160362424221","1531004301150","640","30000003","SWIPED_OUT"
"10160362424221","1531004302592","1812","30000056","SWIPED_OUT"
"10160362424221","1531004303539","1034","30000055","SWIPED_OUT"
"10160362424221","1531004305180","1634","30000057","SWIPED_IN"
"10160362424221","1531004306669","1505","30000047","SWIPED_OUT"
"10160362424221","1531004307330","601","30000048","SWIPED_OUT"
"10160362424221","1531004307914","630","30000049","SWIPED_OUT"
"10160362424221","1531004308595","690","30000050","SWIPED_OUT"
"10160362424221","1531004320091","4996","20000030","SWIPED_OUT"
"10160362424221","1531004320572","534","20000032","SWIPED_OUT"
"10160362424221","1531004321129","552","20000034","SWIPED_OUT"
"10160362424221","1531004322193","1056","20000036","SWIPED_OUT"
"10160362424221","1531004323130","954","20000031","SWIPED_OUT"
"10160329988703","1531087768195","3644","40000010","SWIPED_IN"
"10160329988703","1531087770666","2539","40000011","SWIPED_IN"
"10160329988703","1531087771799","1168","40000012","SWIPED_IN"
"10160329988703","1531087772764","969","40000013","SWIPED_IN"
"10160329988703","1531087773610","839","40000014","SWIPED_IN"
"10160329988703","1531087774352","748","40000015","SWIPED_IN"
"10160329988703","1531087775078","730","40000016","SWIPED_IN"
"10160329988703","1531087776089","1009","40000018","SWIPED_IN"
"10160329988703","1531087793194","17055","20000040","SWIPED_IN"
"10160329988703","1531087800705","7530","20000037","SWIPED_IN"
"10160329988703","1531087809898","8186","20000042","SWIPED_IN"
"10160329988703","1531087813186","698","20000046","SWIPED_IN"
"10160329988703","1531087814543","675","20000044","SWIPED_IN"
"10160329988703","1531087881206","1182","30000052","SWIPED_OUT"
"10160329988703","1531087891863","10625","20000026","SWIPED_IN"
"10160329988703","1531087894967","3109","20000033","SWIPED_IN"
"10128184954279","1531090907507","1371","40000013","SWIPED_OUT"
"10128184954279","1531090939289","15668","40000016","SWIPED_IN"
"10128184954279","1531090959239","19909","40000018","SWIPED_OUT"
"10128184954279","1531090968673","9458","20000040","SWIPED_IN"
"10128184954279","1531090972009","3387","20000037","SWIPED_IN"
"10128184954279","1531090977616","1156","20000039","SWIPED_IN"
"10128184954279","1531091060276","1091","20000032","SWIPED_IN"
"10128184954279","1531091125815","22337","20000033","SWIPED_IN"
"10160329988703","1531087809982","1131","20000043","SWIPED_IN"
"10160329988703","1531087897834","2856","21000033","SWIPED_IN"
"10128184954279","1531090911578","1093","40000014","SWIPED_IN"
"10128184954279","1531090917053","2274","40000015","SWIPED_OUT"
"10128184954279","1531090973469","1589","20000042","SWIPED_OUT"
"10128184954279","1531090978528","878","20000046","SWIPED_IN"
"10128184954279","1531091061263","1018","20000034","SWIPED_IN"
"10128184954279","1531091100709","29105","20000035","SWIPED_IN"
"10160329988703","1531087811775","1781","20000045","SWIPED_IN"
"10160329988703","1531087813871","682","20000041","SWIPED_IN"
"10128184954279","1531090897504","9496","40000010","SWIPED_OUT"
"10128184954279","1531090975115","1679","20000043","SWIPED_IN"
"10128184954279","1531090980994","2239","20000041","SWIPED_IN"
"10128184954279","1531091062358","977","20000036","SWIPED_IN"
"10160329988703","1531087812491","718","20000039","SWIPED_IN"
"10160329988703","1531087876565","15392","30000053","SWIPED_OUT"
"10160329988703","1531087880054","3507","30000051","SWIPED_OUT"
"10160329988703","1531087899119","1325","21000026","SWIPED_IN"
"10128184954279","1531090899471","1930","40000011","SWIPED_IN"
"10128184954279","1531090903780","2069","40000012","SWIPED_IN"
"10128184954279","1531090976497","1365","20000045","SWIPED_OUT"
"10128184954279","1531090983093","2131","20000044","SWIPED_OUT"
"10128184954279","1531090987674","4590","40000017","SWIPED_IN"
"10128184954279","1531091059407","3113","20000030","SWIPED_IN"
"10128184954279","1531091063311","915","20000031","SWIPED_IN"
"10128184954279","1531091066653","3245","20000028","SWIPED_IN"
"10128184954279","1531091071677","4903","20000047","SWIPED_IN"
"10134011588060","1531137993595","24118","20000042","SWIPED_OUT"
"10134011588060","1531138020218","26663","20000043","SWIPED_IN"
"10134011588060","1531138021360","960","20000045","SWIPED_IN"
"10134011588060","1531138022129","965","20000039","SWIPED_IN"
"10134011588060","1531138023016","920","20000041","SWIPED_IN"
"10134011588060","1531138023848","827","20000037","SWIPED_IN"
"10134011588060","1531138025128","1278","40000012","SWIPED_IN"
"10134011588060","1531138028451","914","40000013","SWIPED_IN"
"10134011588060","1531138030105","837","40000014","SWIPED_IN"
"10134011588060","1531138030743","1071","40000015","SWIPED_IN"
"10134011588060","1531138031988","1041","40000016","SWIPED_IN"
"10134011588060","1531138032193","952","40000018","SWIPED_IN"
"10134011588060","1531138033894","1200","40000010","SWIPED_IN"
"10134011588060","1531138034579","1903","20000044","SWIPED_IN"
"10134011588060","1531138034877","1841","40000017","SWIPED_IN"
"10134011588060","1531138056512","21523","20000026","SWIPED_IN"
"10134011588060","1531138065415","8233","30000052","SWIPED_IN"
"10134011588060","1531138070427","4959","30000056","SWIPED_IN"
"10134011588060","1531138075375","5465","30000055","SWIPED_IN"
"10134011588060","1531138076679","1617","30000054","SWIPED_IN"
"10134011588060","1531138079568","2863","30000049","SWIPED_IN"
"10134011588060","1531138080582","846","30000050","SWIPED_IN"
"10134011588060","1531138081416","1031","30000001","SWIPED_IN"
"10134011588060","1531138113339","31673","30000002","SWIPED_OUT"
"10134011588060","1531138115218","2090","30000003","SWIPED_OUT"
"10134023845956","1531164171453","31804","40000012","SWIPED_OUT"
"10134023845956","1531164183250","11814","40000013","SWIPED_OUT"
"10134023845956","1531164191101","7836","40000014","SWIPED_IN"
"10134023845956","1531164195215","4146","40000015","SWIPED_IN"
"10134023845956","1531164199902","4654","40000016","SWIPED_IN"
"10134023845956","1531164213983","14084","40000018","SWIPED_IN"
"10134023845956","1531164217842","1588","20000037","SWIPED_IN"
"10134023845956","1531164222266","1054","20000043","SWIPED_IN"
"10134023845956","1531164223727","1510","20000039","SWIPED_IN"
"10134023845956","1531164250193","22361","20000041","SWIPED_IN"
"10134015329369","1531182703176","4742","40000011","SWIPED_IN"
"10134015329369","1531182710769","4912","40000013","SWIPED_IN"
"10134015329369","1531182716940","4884","40000014","SWIPED_IN"
"10134015329369","1531182741383","1963","40000016","SWIPED_IN"
"10134015329369","1531182745449","3031","40000018","SWIPED_IN"
"10134015329369","1531182750418","1118","20000037","SWIPED_IN"
"10134015329369","1531182764176","734","20000039","SWIPED_IN"
"10134015329369","1531182773538","7318","40000017","SWIPED_IN"
"10128184954279","1531228146155","31530","20000027","SWIPED_OUT"
"10128184954279","1531228189529","43420","20000033","SWIPED_OUT"
"10128184954279","1531228391691","23080","40000005","SWIPED_OUT"
"10128184954279","1531228461533","16911","20000035","SWIPED_OUT"
"10128184954279","1531228596542","12173","40000007","SWIPED_OUT"
"10128184954279","1531228615499","18945","40000008","SWIPED_OUT"
"10128184954279","1531228620562","5048","40000009","SWIPED_OUT"
"10128184954279","1531228671685","5545","40000013","SWIPED_OUT"
"10128184954279","1531228677664","6069","40000015","SWIPED_OUT"
"10128184954279","1531228697356","19656","40000018","SWIPED_OUT"
"10128184954279","1531228706080","1610","40000005","SWIPED_OUT"
"10128184954279","1531228708099","910","40000007","SWIPED_OUT"
"10128184954279","1531228710077","1027","40000009","SWIPED_OUT"
"10128184954279","1531228732843","22588","20000042","SWIPED_OUT"
"10128184954279","1531228737240","4394","20000045","SWIPED_OUT"
"10128184954279","1531228754825","2469","40000016","SWIPED_OUT"
"10128184954279","1531228757737","2890","40000017","SWIPED_OUT"
"10128184954279","1531228778291","19458","30000001","SWIPED_OUT"
"10128184954279","1531228858033","9487","30000003","SWIPED_OUT"
"10128184954279","1531228860783","2930","20000231","SWIPED_OUT"
"10128184954279","1531228864005","3114","20000040","SWIPED_OUT"
"10128184954279","1531228874892","1090","20000037","SWIPED_OUT"
"10128184954279","1531228877167","873","20000039","SWIPED_OUT"
"10128184954279","1531228891959","11726","30000052","SWIPED_OUT"
"10128184954279","1531228894162","2294","30000053","SWIPED_OUT"
"10128184954279","1531228897695","3450","30000047","SWIPED_OUT"
"10128184954279","1531228900368","1489","30000049","SWIPED_OUT"
"10128184954279","1531228901533","1326","30000050","SWIPED_OUT"
"10128184954279","1531228903303","1759","30000051","SWIPED_OUT"
"10134015329369","1531250268732","1721","40000006","SWIPED_IN"
"10134015329369","1531250271344","2361","40000007","SWIPED_IN"
"10134015329369","1531250274474","2149","40000009","SWIPED_IN"
"10134015329369","1531250276529","768","30000002","SWIPED_IN"
"10134015329369","1531250278048","686","30000052","SWIPED_IN"
"10134015329369","1531250286700","8603","30000053","SWIPED_IN"
"10134015329369","1531250288958","2239","30000047","SWIPED_IN"
"10134023845956","1531164124490","13549","40000010","SWIPED_OUT"
"10134023845956","1531164139621","15173","40000011","SWIPED_OUT"
"10134023845956","1531164215835","1800","20000040","SWIPED_IN"
"10134023845956","1531164220871","1207","20000042","SWIPED_IN"
"10134023845956","1531164223379","1032","20000045","SWIPED_IN"
"10134023845956","1531164227802","5662","20000046","SWIPED_IN"
"10134023845956","1531164257164","6969","20000044","SWIPED_IN"
"10134023845956","1531164274819","17684","40000017","SWIPED_IN"
"10134015329369","1531182697250","14493","40000010","SWIPED_IN"
"10134015329369","1531182706280","3479","40000012","SWIPED_IN"
"10134015329369","1531182739009","23862","40000015","SWIPED_IN"
"10134015329369","1531182749172","1889","20000040","SWIPED_IN"
"10134015329369","1531182756550","9864","20000042","SWIPED_IN"
"10134015329369","1531182760957","4731","20000043","SWIPED_IN"
"10134015329369","1531182763279","2285","20000045","SWIPED_IN"
"10134015329369","1531182764893","865","20000046","SWIPED_IN"
"10134015329369","1531182765503","694","20000041","SWIPED_IN"
"10134015329369","1531182766335","691","20000044","SWIPED_IN"
"10128184954279","1531228190713","1389","20000033","SWIPED_OUT"
"10128184954279","1531228444590","52936","20000047","SWIPED_OUT"
"10128184954279","1531228584373","72990","40000006","SWIPED_OUT"
"10128184954279","1531228666047","18483","40000010","SWIPED_OUT"
"10128184954279","1531228698795","1663","20000027","SWIPED_OUT"
"10128184954279","1531228704686","5715","20000047","SWIPED_OUT"
"10128184954279","1531228707183","1097","40000006","SWIPED_OUT"
"10128184954279","1531228709028","922","40000008","SWIPED_OUT"
"10128184954279","1531228741633","4409","20000044","SWIPED_OUT"
"10128184954279","1531228745379","3736","40000011","SWIPED_OUT"
"10128184954279","1531228749121","3676","40000012","SWIPED_OUT"
"10128184954279","1531228752356","3297","40000014","SWIPED_OUT"
"10128184954279","1531228758797","1108","20000029","SWIPED_OUT"
"10128184954279","1531228848359","2413","30000002","SWIPED_OUT"
"10128184954279","1531228874022","10132","20000038","SWIPED_OUT"
"10128184954279","1531228876278","1387","20000043","SWIPED_OUT"
"10128184954279","1531228878321","1101","20000046","SWIPED_OUT"
"10128184954279","1531228880178","1683","20000041","SWIPED_OUT"
"10128184954279","1531228898944","1325","30000048","SWIPED_OUT"
"10134015329369","1531250267222","13942","40000005","SWIPED_IN"
"10134015329369","1531250272103","1001","40000008","SWIPED_IN"
"10134015329369","1531250275701","1461","30000001","SWIPED_IN"
"10134015329369","1531250277224","744","30000003","SWIPED_IN"
"10134015329369","1531250289904","1171","30000048","SWIPED_IN"
"10134015329369","1531250291182","1274","30000049","SWIPED_IN"
"10134015329369","1531250292338","1134","30000050","SWIPED_IN"
"10134015329369","1531250300689","1274","30000051","SWIPED_IN"
"10128110003733","1531323828848","11876","40000010","SWIPED_IN"
"10128110003733","1531323833963","5075","40000011","SWIPED_IN"
"10128110003733","1531323837568","3648","40000012","SWIPED_IN"
"10128110003733","1531323843126","5530","40000013","SWIPED_IN"
"10128110003733","1531323847204","3940","40000014","SWIPED_IN"
"10128110003733","1531323851695","4639","40000015","SWIPED_IN"
"10128110003733","1531323853684","2005","40000016","SWIPED_IN"
"10128110003733","1531323857035","3376","40000018","SWIPED_IN"
"10128110003733","1531323883146","17046","20000040","SWIPED_IN"
"10128110003733","1531323884131","3381","20000037","SWIPED_IN"
"10128110003733","1531323886701","1403","20000042","SWIPED_IN"
"10128110003733","1531323889640","2826","20000043","SWIPED_IN"
"10128110003733","1531323891151","1589","20000045","SWIPED_IN"
"10128110003733","1531323899628","8425","20000039","SWIPED_IN"
"10134015329369","1531352868156","8061","20000044","SWIPED_IN"
"10128110003733","1531418141764","49277","20000046","SWIPED_IN"
"10128110003733","1531418142034","1590","20000041","SWIPED_IN"
"10128110003733","1531418151802","8457","20000044","SWIPED_IN"
"10134015329369","1531456777557","17357","40000010","SWIPED_IN"
"10134015329369","1531456783985","6478","40000011","SWIPED_IN"
"10134015329369","1531456787483","3478","40000012","SWIPED_IN"
"10134015329369","1531456789673","2179","40000013","SWIPED_IN"
"10134015329369","1531456792060","2295","40000014","SWIPED_IN"
"10134015329369","1531456793802","1888","40000015","SWIPED_IN"
"10134015329369","1531456795396","1594","40000016","SWIPED_IN"
"10134015329369","1531456797813","2367","40000018","SWIPED_IN"
"10134015329369","1531456800732","2945","20000040","SWIPED_IN"
"10134015329369","1531456817144","16411","20000037","SWIPED_IN"
"10134015329369","1531456823393","6241","20000042","SWIPED_IN"
"10134015329369","1531456826672","3275","20000043","SWIPED_IN"
"10134015329369","1531456827471","838","20000045","SWIPED_IN"
"10134015329369","1531456828237","761","20000039","SWIPED_IN"
"10134015329369","1531456831971","3699","20000046","SWIPED_IN"
"10134015329369","1531456842304","10350","20000041","SWIPED_IN"
"10134015329369","1531456848242","5926","40000017","SWIPED_IN"
"10134015329369","1531459135897","6718","40000005","SWIPED_OUT"
"10134015329369","1531459142592","6703","40000006","SWIPED_IN"
"10134015329369","1531459145154","2551","40000007","SWIPED_OUT"
"10134015329369","1531459151849","6702","40000008","SWIPED_OUT"
"10134015329369","1531459154682","2831","40000009","SWIPED_IN"
"10134015329369","1531459209166","54483","30000001","SWIPED_IN"
"10134015329369","1531459213161","4001","30000002","SWIPED_IN"
"10134015329369","1531459215134","1993","30000003","SWIPED_IN"
"10134015329369","1531459215841","708","30000052","SWIPED_IN"
"10134015329369","1531459217429","1595","30000047","SWIPED_IN"
"10134015329369","1531459219256","1834","30000048","SWIPED_IN"
"10134015329369","1531459220293","1033","30000049","SWIPED_IN"
"10134015329369","1531459221827","1532","30000050","SWIPED_IN"
"10134015329369","1531459223888","2037","30000051","SWIPED_IN"
"10134015329369","1531459246163","22269","40000017","SWIPED_IN"
"10134015329369","1531459259368","13230","40000005","SWIPED_IN"
"10128111218020","1531489964416","13047","20000028","SWIPED_OUT"
"10128111218020","1531489989505","1701","30000002","SWIPED_IN"
"10128111218020","1531489991355","1809","30000054","SWIPED_OUT"
"10128111218020","1531489992517","1003","30000053","SWIPED_OUT"
"10128111218020","1531489993894","1561","30000051","SWIPED_OUT"
"10128111218020","1531489995284","1386","30000052","SWIPED_OUT"
"10128111218020","1531489996416","1078","31000002","SWIPED_OUT"
"10128111218020","1531489997937","1558","21000028","SWIPED_OUT"
"10128111218020","1531490001486","3426","40000010","SWIPED_OUT"
"10128111218020","1531490004031","2473","40000011","SWIPED_OUT"
"10128111218020","1531490007638","3560","40000012","SWIPED_IN"
"10128111218020","1531490009125","1618","40000013","SWIPED_IN"
"10128111218020","1531490010036","1065","40000014","SWIPED_IN"
"10128111218020","1531490011016","962","40000015","SWIPED_IN"
"10128111218020","1531490012611","622","40000016","SWIPED_IN"
"10128111218020","1531490013619","1773","40000017","SWIPED_OUT"
"10128111218020","1531490024944","5781","20000040","SWIPED_IN"
"10128111218020","1531490026766","1984","20000038","SWIPED_OUT"
"10153747215688","1531524038830","2198","40000010","SWIPED_IN"
"10153747215688","1531524046484","1070","40000011","SWIPED_IN"
"10153747215688","1531524047671","971","40000012","SWIPED_OUT"
"10153747215688","1531524050173","2659","40000013","SWIPED_IN"
"10153747215688","1531524051025","917","40000014","SWIPED_OUT"
"10153747215688","1531524082357","28363","40000010","SWIPED_IN"
"10153747215688","1531524083214","847","40000012","SWIPED_OUT"
"10153747215688","1531524193227","14107","40000015","SWIPED_IN"
"10153747215688","1531524195958","895","40000016","SWIPED_OUT"
"10153747215688","1531524197477","2011","40000018","SWIPED_IN"
"10160362424221","1531524309056","21671","40000010","SWIPED_IN"
"10160362424221","1531524324083","15046","40000011","SWIPED_OUT"
"10160362424221","1531524327392","3257","40000012","SWIPED_IN"
"10128110000610","1531524471663","2095","40000010","SWIPED_IN"
"10128110000610","1531524471762","1198","40000011","SWIPED_OUT"
"10128110000610","1531524624337","32908","40000012","SWIPED_OUT"
"10128110000610","1531525690535","1192","40000013","SWIPED_IN"
"10128110000610","1531525691477","923","40000014","SWIPED_OUT"
"10128110000610","1531525743812","12620","20000040","SWIPED_OUT"
"10128110000610","1531525746935","1585","20000038","SWIPED_OUT"
"10128110000610","1531525747227","1478","20000037","SWIPED_OUT"
"10128110000610","1531525747492","1859","20000042","SWIPED_OUT"
"10128110000610","1531525747767","1541","20000043","SWIPED_OUT"
"10128110000610","1531525747916","2239","20000045","SWIPED_OUT"
"10128110000610","1531525748000","1545","20000231","SWIPED_OUT"
"10128110000610","1531525748134","1357","20000039","SWIPED_OUT"
"10128110000610","1531525748210","899","20000046","SWIPED_OUT"
"10128110000610","1531525748288","768","20000041","SWIPED_OUT"
"10128110000610","1531525749992","1025","20000044","SWIPED_OUT"
"10128110000610","1531526440400","1852","40000015","SWIPED_IN"
"10128110000610","1531526441115","693","40000016","SWIPED_IN"
"10128110000610","1531526442320","1185","40000018","SWIPED_IN"
"10128110000610","1531526443057","778","20000028","SWIPED_IN"
"10128110000610","1531526443880","837","40000005","SWIPED_IN"
"10128110000610","1531526444546","666","40000006","SWIPED_IN"
"10128110000610","1531526445186","641","40000007","SWIPED_IN"
"10128110000610","1531526445781","590","40000008","SWIPED_IN"
"10128110000610","1531526446477","693","40000009","SWIPED_IN"
"10128110000610","1531526447068","598","30000001","SWIPED_IN"
"10128110000610","1531526447657","584","30000002","SWIPED_IN"
"10128110000610","1531526448225","577","30000003","SWIPED_IN"
"10128110000610","1531526448921","674","30000047","SWIPED_IN"
"10128110000610","1531526449565","601","30000048","SWIPED_IN"
"10128110000610","1531526450082","568","30000049","SWIPED_IN"
"10134015329369","1531533892790","5676","20000034","SWIPED_OUT"
"10134015329369","1531533899513","6675","20000026","SWIPED_IN"
"10134015329369","1531533904312","4874","30000051","SWIPED_IN"
"10134015329369","1531533906641","2308","30000056","SWIPED_IN"
"10134015329369","1531533907672","1076","30000055","SWIPED_IN"
"10134015329369","1531533908501","836","30000057","SWIPED_IN"
"10134015329369","1531533909363","859","30000054","SWIPED_IN"
"10134015329369","1531533910239","874","30000053","SWIPED_IN"
"10134015329369","1531539023840","90050","20000030","SWIPED_IN"
"10134015329369","1531539029470","5644","20000032","SWIPED_IN"
"10134015329369","1531539031352","1922","20000036","SWIPED_IN"
"10134015329369","1531539032613","1262","20000031","SWIPED_IN"
"10134015329369","1531539035170","2524","20000047","SWIPED_IN"
"10134015329369","1531539036343","1200","20000035","SWIPED_IN"
"10134015329369","1531539037471","1134","20000033","SWIPED_IN"
"10134015329369","1531539038358","887","20000029","SWIPED_IN"
"10128110000610","1531551962369","1700","40000016","SWIPED_IN"
"10128110000610","1531551965627","3267","40000016","SWIPED_IN"
"10128110000610","1531551968577","2962","40000016","SWIPED_OUT"
"10128110000610","1531551972928","4335","40000016","SWIPED_OUT"
"10128110000610","1531551982688","6980","40000010","SWIPED_IN"
"10128110000610","1531551986587","3880","40000011","SWIPED_IN"
"10128110000610","1531551988243","1707","40000012","SWIPED_IN"
"10128110000610","1531551989897","1653","40000013","SWIPED_IN"
"10128110000610","1531552006234","10890","20000026","SWIPED_IN"
"10128110000610","1531552026126","12622","20000030","SWIPED_IN"
"10128110000610","1531552033382","7263","20000032","SWIPED_IN"
"10128110000610","1531552039010","5488","20000034","SWIPED_IN"
"10128110000610","1531552044636","5743","20000036","SWIPED_IN"
"10128110000610","1531552048818","4151","20000031","SWIPED_IN"
"10128110000610","1531552053318","4537","20000035","SWIPED_IN"
"10128110000610","1531552057548","4241","20000033","SWIPED_IN"
"10128110000610","1531552059087","1466","20000027","SWIPED_IN"
"10128110000610","1531552059998","945","20000029","SWIPED_IN"
"10128110000610","1531552061129","1191","20000047","SWIPED_IN"
"10128110000610","1531552132077","8572","40000005","SWIPED_IN"
"10128110000610","1531552133242","1185","40000006","SWIPED_IN"
"10128110000610","1531552134466","1222","40000007","SWIPED_IN"
"10128110000610","1531552135896","1435","40000008","SWIPED_IN"
"10128110000610","1531552137007","1113","40000009","SWIPED_IN"
"10128110000610","1531559509550","5156","30000052","SWIPED_IN"
"10134015329369","1531589491331","4051","20000040","SWIPED_IN"
"10134015329369","1531589492653","1386","20000042","SWIPED_IN"
"10134015329369","1531589493401","748","20000043","SWIPED_IN"
"10134015329369","1531589494096","698","20000045","SWIPED_IN"
"10134015329369","1531589494807","696","20000039","SWIPED_IN"
"10134015329369","1531589495460","662","20000046","SWIPED_IN"
"10134015329369","1531589496743","1275","20000041","SWIPED_IN"
"10134015329369","1531589497310","572","40000007","SWIPED_IN"
"10134015329369","1531589497911","606","40000008","SWIPED_IN"
"10134015329369","1531589500275","2309","40000017","SWIPED_IN"
"10134015329369","1531769026790","9594","20000033","SWIPED_IN"
"10134015329369","1531769027816","2238","20000026","SWIPED_IN"
"10134015329369","1531769028905","1345","30000053","SWIPED_IN"
"10134015329369","1531769032610","3455","30000051","SWIPED_IN"
"10134015329369","1531769034783","2172","30000052","SWIPED_OUT"
"10134015329369","1531769036554","1985","21000033","SWIPED_OUT"
"10134015329369","1531769039869","3120","21000026","SWIPED_IN"
"10134015329369","1531769048763","8922","20000028","SWIPED_OUT"
"10134015329369","1531769052313","3485","30000002","SWIPED_OUT"
"10134015329369","1531769053356","1289","30000054","SWIPED_OUT"
"10134015329369","1531769054710","1374","30000053","SWIPED_OUT"
"10134015329369","1531769056426","1670","30000051","SWIPED_OUT"
"10134015329369","1531769058334","1965","30000052","SWIPED_OUT"
"10134015329369","1531769059490","1129","31000002","SWIPED_OUT"
"10134015329369","1531769060599","1103","21000028","SWIPED_OUT"
"10134023845956","1531827260774","7318","40000010","SWIPED_IN"
"10134023845956","1531827266753","6111","40000011","SWIPED_IN"
"10134023845956","1531827270104","3349","40000012","SWIPED_OUT"
"10134023845956","1531827272350","2254","40000013","SWIPED_OUT"
"10134023845956","1531827347252","21336","20000040","SWIPED_OUT"
"10134011546475","1531918206856","3893","40000010","SWIPED_OUT"
"10134011546475","1531918209538","3079","40000011","SWIPED_OUT"
"10134011546475","1531918214681","4970","40000012","SWIPED_OUT"
"10134011535754","1531923582712","17044","40000012","SWIPED_OUT"
"10134011535754","1531923595223","12546","40000013","SWIPED_OUT"
"10134011535754","1531923605310","10063","40000014","SWIPED_OUT"
"10134011535754","1531923620850","15564","40000015","SWIPED_OUT"
"10134011535754","1531923626447","5591","40000016","SWIPED_OUT"
"10134011535754","1531923632861","6431","40000018","SWIPED_OUT"
"10134011535754","1531923641014","8148","20000040","SWIPED_OUT"
"10134011535754","1531923656928","15888","20000037","SWIPED_OUT"
"10134011535754","1531923666368","9455","20000042","SWIPED_IN"
"10134011535754","1531923680780","14424","20000043","SWIPED_IN"
"10134011535754","1531923728068","47220","20000045","SWIPED_OUT"
"10134011535754","1531923744556","16547","20000039","SWIPED_OUT"
"10134011535754","1531923770390","25851","20000046","SWIPED_OUT"
"10134011535754","1531923774865","4462","20000041","SWIPED_IN"
"10134011535754","1531923778619","3568","20000044","SWIPED_IN"
"10160362424221","1531952453875","8504","40000013","SWIPED_IN"
"10160362424221","1531952455630","1860","40000014","SWIPED_IN"
"10160362424221","1531952457393","1757","40000015","SWIPED_IN"
"10160362424221","1531952458495","949","40000016","SWIPED_IN"
"10160362424221","1531952459132","788","40000018","SWIPED_IN"
"10160362424221","1531952460284","1163","20000040","SWIPED_OUT"
"10160362424221","1531952463322","2341","20000037","SWIPED_OUT"
"10160362424221","1531952465899","2075","20000042","SWIPED_OUT"
"10160362424221","1531952466521","717","20000043","SWIPED_OUT"
"10160362424221","1531952470048","886","20000045","SWIPED_OUT"
"10160362424221","1531952470156","754","20000039","SWIPED_OUT"
"10160362424221","1531952470261","657","20000046","SWIPED_OUT"
"10160362424221","1531952470348","680","20000041","SWIPED_OUT"
"10160362424221","1531952471271","2465","20000044","SWIPED_OUT"
"10160362424221","1531952473211","2274","40000017","SWIPED_IN"
"10160366662143","1532280131203","5682","40000010","SWIPED_IN"
"10160366662143","1532280136823","2462","40000011","SWIPED_IN"
"10160366662143","1532280140859","2526","40000012","SWIPED_OUT"
"10160366662143","1532280188508","2452","40000013","SWIPED_OUT"
"10160366662143","1532280199541","856","40000014","SWIPED_OUT"
"10160366662143","1532280205412","3005","40000018","SWIPED_OUT"
"10134011546475","1532342206407","8848","30000051","SWIPED_IN"
"10160366662143","1532280203525","1151","40000015","SWIPED_OUT"
"10160366662143","1532280204350","3696","40000016","SWIPED_OUT"
"10134011546475","1532342188737","8184","20000026","SWIPED_IN"
"10134011546475","1532342197580","8933","30000053","SWIPED_OUT"
"10134011546475","1532342180566","17824","20000033","SWIPED_OUT"
"10134040303649","1532513520950","11947","40000010","SWIPED_IN"
"10128110002624","1532544190247","12375","40000010","SWIPED_OUT"
"10128110002624","1532544198227","8013","40000011","SWIPED_OUT"
"10128110002624","1532544205665","7423","40000012","SWIPED_IN"
"10128110002624","1532544211001","5353","40000013","SWIPED_IN"
"10128110002624","1532544218126","7089","40000014","SWIPED_OUT"
"10128110002624","1532544225525","7422","40000015","SWIPED_IN"
"10128110002624","1532544227307","1808","40000016","SWIPED_IN"
"10128110002624","1532544230294","2850","40000018","SWIPED_IN"
"10128110002624","1532544236578","6425","20000040","SWIPED_OUT"
"10128110002624","1532544239507","2894","20000037","SWIPED_OUT"
"10128110002624","1532544243426","3935","20000042","SWIPED_IN"
"10128110002624","1532544245135","1784","20000043","SWIPED_OUT"
"10128110002624","1532544250285","4997","20000045","SWIPED_OUT"
"10128110002624","1532544257895","7640","20000039","SWIPED_OUT"
"10128110002624","1532544260561","2663","20000046","SWIPED_IN"
"10128110002624","1532544262645","2139","20000041","SWIPED_OUT"
"10128110002624","1532544264987","2376","20000044","SWIPED_IN"
"10128110002624","1532544268986","3979","40000017","SWIPED_OUT"
"10128110002624","1532544282262","13086","40000005","SWIPED_OUT"
"10128110002624","1532544288048","5785","40000006","SWIPED_OUT"
"10128110002624","1532544295730","7858","40000007","SWIPED_IN"
"10128110002624","1532544330343","12291","30000052","SWIPED_IN"
"10128110002624","1532544337372","6996","30000056","SWIPED_OUT"
"10128110002624","1532544338952","1703","30000055","SWIPED_OUT"
"10128110002624","1532544341283","2203","30000057","SWIPED_OUT"
"10128110002624","1532544344308","2755","30000054","SWIPED_OUT"
"10128110002624","1532544345892","1965","30000053","SWIPED_OUT"
"10128110002624","1532544348545","1286","30000048","SWIPED_OUT"
"10128110002624","1532544350824","2189","30000049","SWIPED_OUT"
"10128110002624","1532544351971","1250","30000050","SWIPED_OUT"
"10134071009718","1532603814184","7298","40000010","SWIPED_OUT"
"10134071009718","1532603817263","3088","40000011","SWIPED_OUT"
"10134071009718","1532603822029","2631","40000012","SWIPED_OUT"
"10134071009718","1532603823097","3084","40000013","SWIPED_OUT"
"10134071009718","1532603825083","2120","40000014","SWIPED_OUT"
"10134071009718","1532603827837","1357","40000016","SWIPED_OUT"
"10134071009718","1532603829327","1495","40000018","SWIPED_OUT"
"10134071009718","1532603856410","11215","40000005","SWIPED_OUT"
"10134071009718","1532603858603","2226","40000006","SWIPED_OUT"
"10134071009718","1532603859545","1000","40000007","SWIPED_OUT"
"10134071009718","1532603860268","738","40000008","SWIPED_OUT"
"10134071009718","1532603861556","595","30000001","SWIPED_OUT"
"10128110002624","1532544347205","1382","30000047","SWIPED_OUT"
"10128110002624","1532544353337","1369","30000051","SWIPED_OUT"
"10134071009718","1532603826481","1427","40000015","SWIPED_OUT"
"10134071009718","1532603842277","12906","20000038","SWIPED_OUT"
"10134071009718","1532603845158","2869","40000017","SWIPED_OUT"
"10134071009718","1532603860953","680","40000009","SWIPED_OUT"
"10134071009718","1532603862157","587","30000002","SWIPED_OUT"
"10134015329369","1532636026781","16694","20000034","SWIPED_IN"
"10134015329369","1532636034260","7500","20000028","SWIPED_IN"
"10134015329369","1532636044379","10170","31000002","SWIPED_IN"
"10134015329369","1532636051217","6644","21000033","SWIPED_IN"
"10134015329369","1532636055531","3768","21000028","SWIPED_IN"
"10134015329369","1532636058745","3400","20000044","SWIPED_IN"
"10134015329369","1532645528826","23309","20000034","SWIPED_IN"
"10134040303649","1532651895652","6148","20000040","SWIPED_IN"
"10134040303649","1532651902465","6860","20000037","SWIPED_IN"
"10134040303649","1532708443128","20660","20000042","SWIPED_IN"
"10134040303649","1532708446702","3633","20000043","SWIPED_IN"
"10134011535754","1532714525186","10082","20000040","SWIPED_OUT"
"10134011535754","1532714528326","3386","20000037","SWIPED_OUT"
"10134011535754","1532714530260","1960","20000045","SWIPED_OUT"
"10134011535754","1532714533372","3041","20000039","SWIPED_OUT"
"10134011535754","1532714536979","3655","20000046","SWIPED_OUT"
"10134011535754","1532714541664","4663","40000010","SWIPED_OUT"
"10134011535754","1532714545562","3864","40000012","SWIPED_OUT"
"10134011535754","1532714556058","10526","40000013","SWIPED_IN"
"10134011535754","1532714568459","12396","40000014","SWIPED_OUT"
"10134011535754","1532714582552","14115","40000015","SWIPED_OUT"
"10134011535754","1532714587018","4453","40000016","SWIPED_OUT"
"10134011535754","1532714593097","6102","40000018","SWIPED_OUT"
"10134011535754","1532714597056","3955","40000017","SWIPED_OUT"
"10134015329369","1532794790613","5772","20000044","SWIPED_IN"
"10134040303649","1532811981130","2076","20000046","SWIPED_OUT"
"10134040303649","1532811977254","5113","20000039","SWIPED_OUT"
"10134040303649","1532811973123","205824","20000045","SWIPED_IN"
"10134016049164","1532880043961","7062","40000010","SWIPED_IN"
"10134016049164","1532880044975","1788","40000011","SWIPED_OUT"
"10134016049164","1532880396960","4728","40000012","SWIPED_IN"
"10134016049164","1532880415711","14466","40000013","SWIPED_IN"
"10134016049164","1532880435089","10117","40000014","SWIPED_IN"
"10134016049164","1532880559104","3116","20000045","SWIPED_IN"
"10134016049164","1532880584219","6845","20000039","SWIPED_IN"
"10134016049164","1532880640887","21937","20000046","SWIPED_IN"
"10134016049164","1532880644581","4635","20000041","SWIPED_IN"
"10134016049164","1532880646141","1698","20000044","SWIPED_IN"
"10134016049164","1532880681872","35637","40000017","SWIPED_IN"
"10134040303649","1532982343960","38794","40000025","SWIPED_OUT"
"10134040303649","1532982347708","3777","40000026","SWIPED_OUT"
"10134040303649","1532982352945","5216","40000027","SWIPED_IN"
"10134040303649","1532982376991","23989","40000028","SWIPED_OUT"
"10134040303649","1532982380264","3285","40000024","SWIPED_IN"
"10134040303649","1532982398567","4434","40000011","SWIPED_IN"
"10134040303649","1532982454606","7150","40000005","SWIPED_OUT"
"10134040303649","1532982457131","1998","40000006","SWIPED_OUT"
"10134040303649","1532982458189","1215","40000007","SWIPED_OUT"
"10134040303649","1532982459189","2245","40000008","SWIPED_OUT"
"10134040303649","1532982461073","7706","40000009","SWIPED_OUT"
"10134040303649","1532982711769","16337","20000047","SWIPED_IN"
"10134040303649","1532991818461","7588","30000052","SWIPED_IN"
"10134040303649","1532991822871","4444","30000056","SWIPED_OUT"
"10134040303649","1532991823664","605","30000055","SWIPED_OUT"
"10134040303649","1532991824516","579","30000057","SWIPED_OUT"
"10134040303649","1532991825327","617","30000054","SWIPED_OUT"
"10134040303649","1532991826194","676","30000053","SWIPED_OUT"
"10134040303649","1532991830560","5085","30000047","SWIPED_OUT"
"10134040303649","1532991922514","91481","40000019","SWIPED_IN"
"10134040303649","1532991926295","4594","40000020","SWIPED_IN"
"10134040303649","1532991932076","5913","40000021","SWIPED_IN"
"10134040303649","1532991934722","2608","40000022","SWIPED_IN"
"10134040303649","1532992030190","63727","40000012","SWIPED_OUT"
"10134040303649","1532992032790","3452","40000013","SWIPED_OUT"
"10134040303649","1532992034029","1502","40000014","SWIPED_OUT"
"10134015329369","1533042960045","67317","40000019","SWIPED_IN"
"10134015329369","1533042961343","1521","40000010","SWIPED_IN"
"10134015329369","1533042961873","557","40000011","SWIPED_IN"
"10134015329369","1533042963151","1086","40000012","SWIPED_IN"
"10134015329369","1533042965686","2512","40000013","SWIPED_OUT"
"10134040303649","1533052711155","14498","20000033","SWIPED_IN"
"10134040303649","1533052713548","2391","20000026","SWIPED_IN"
"10134040303649","1533052717497","3964","30000053","SWIPED_IN"
"10134040303649","1533052718985","1567","30000051","SWIPED_IN"
"10134040303649","1533052720805","1818","30000052","SWIPED_IN"
"10134040303649","1533052722131","1332","21000033","SWIPED_IN"
"10134040303649","1533052723484","1321","21000026","SWIPED_IN"
"10134015329369","1533053463990","18287","30000053","SWIPED_IN"
"10134015329369","1533053465290","1480","30000049","SWIPED_IN"
"10134040303649","1533128866829","4887","40000012","SWIPED_IN"
"10134040303649","1533128869776","2961","40000013","SWIPED_OUT"
"10134040303649","1533128871304","1571","40000014","SWIPED_IN"
"10134040303649","1533128876341","5006","40000015","SWIPED_IN"
"10134040303649","1533128882102","5673","40000016","SWIPED_IN"
"10134040303649","1533128883019","1038","40000017","SWIPED_IN"
"10134040303649","1533128884195","1193","40000018","SWIPED_IN"
"10134040303649","1533128885394","1181","40000023","SWIPED_IN"
"10134011546475","1533138695920","10644","40000010","SWIPED_IN"
"10134011546475","1533138700156","4278","40000011","SWIPED_IN"
"10134011546475","1533138701956","1817","40000012","SWIPED_OUT"
"10134011546475","1533138703166","1221","40000013","SWIPED_OUT"
"10134011546475","1533138709991","6774","40000014","SWIPED_IN"
"10134011546475","1533138716093","6100","40000015","SWIPED_IN"
"10134011546475","1533138717298","1234","40000016","SWIPED_IN"
"10134011546475","1533138722086","4751","40000017","SWIPED_IN"
"10134011546475","1533138723175","1132","40000018","SWIPED_IN"
"10134011546475","1533138724890","1733","20000043","SWIPED_OUT"
"10134011546475","1533138735413","10483","20000231","SWIPED_OUT"
"10134011546475","1533138738198","2725","20000040","SWIPED_OUT"
"10134011546475","1533138740019","1897","20000037","SWIPED_OUT"
"10134011546475","1533138747325","7273","20000042","SWIPED_OUT"
"10134011546475","1533138750293","2960","20000045","SWIPED_OUT"
"10134011546475","1533138754683","4385","20000039","SWIPED_OUT"
"10134011546475","1533138756356","1727","20000046","SWIPED_OUT"
"10134011546475","1533138759466","3080","20000041","SWIPED_OUT"
"10134011546475","1533138760161","715","20000044","SWIPED_IN"
"10134011546475","1533138874213","18809","40000019","SWIPED_IN"
"10134011546475","1533138881039","6835","40000020","SWIPED_IN"
"10134011546475","1533138888438","7391","40000021","SWIPED_IN"
"10134040303649","1533142835061","16173","40000005","SWIPED_IN"
"10134015329369","1533219900991","15295","20000043","SWIPED_IN"
"10134015329369","1533219905696","4760","40000014","SWIPED_IN"
"10134040303649","1533239265273","3184","40000013","SWIPED_OUT"
"10134040303649","1533239268418","3162","40000006","SWIPED_OUT"
"10134040303649","1533239273840","5401","40000007","SWIPED_OUT"
"10134040303649","1533239275859","2041","40000008","SWIPED_IN"
"10134011546475","1533314039214","34617","20000043","SWIPED_IN"
"10134011546475","1533314049417","10149","40000010","SWIPED_OUT"
"10134011546475","1533314052568","3056","40000011","SWIPED_IN"
"10134011546475","1533314055516","3098","40000012","SWIPED_IN"
"10134011546475","1533314058078","2560","40000013","SWIPED_IN"
"10134011546475","1533314061210","3007","40000014","SWIPED_IN"
"10134011546475","1533314062004","1168","40000015","SWIPED_IN"
"10134011546475","1533314063155","1474","40000016","SWIPED_IN"
"10134011546475","1533314063949","777","40000017","SWIPED_IN"
"10134015329369","1533323185047","22105","40000010","SWIPED_IN"
"10134015329369","1533323210270","25040","40000019","SWIPED_IN"
"10134015329369","1533323223253","13677","40000019","SWIPED_IN"
"10134015329369","1533323239782","16540","40000019","SWIPED_IN"
"10134015329369","1533323246606","6343","40000020","SWIPED_IN"
"10134015329369","1533323249067","2503","40000021","SWIPED_OUT"
"10134015329369","1533323323593","22963","40000022","SWIPED_IN"
"10134015329369","1533323335216","11657","40000023","SWIPED_IN"
"10134015329369","1533323343004","7770","40000011","SWIPED_OUT"
"10134015329369","1533323363236","20163","40000012","SWIPED_OUT"
"10134015329369","1533323364194","1570","40000013","SWIPED_OUT"
"10134015329369","1533323365120","661","40000014","SWIPED_OUT"
"10134015329369","1533323365813","703","40000015","SWIPED_OUT"
"10134015329369","1533323366892","617","40000016","SWIPED_OUT"
"10134015329369","1533323367595","727","40000017","SWIPED_OUT"
"10134015329369","1533323369811","2404","40000018","SWIPED_OUT"
"10134015329369","1533323370502","1201","20000043","SWIPED_OUT"
"10134015329369","1533323375694","4686","20000027","SWIPED_IN"
"10134015329369","1533323376193","930","20000026","SWIPED_IN"
"10128174484846","1533330641680","6510","40000010","SWIPED_OUT"
"10128174484846","1533330653154","3674","40000012","SWIPED_OUT"
"10128174484846","1533330656103","1322","40000014","SWIPED_OUT"
"10128174484846","1533330657738","631","40000016","SWIPED_OUT"
"10128174484846","1533330675542","4827","40000006","SWIPED_OUT"
"10128188699866","1533331932681","1938","40000011","SWIPED_OUT"
"10128188699866","1533331936219","1303","40000013","SWIPED_OUT"
"10128188699866","1533331943182","4402","40000015","SWIPED_OUT"
"10128188699866","1533331946360","1715","40000017","SWIPED_OUT"
"10128188699866","1533331947746","1232","40000018","SWIPED_OUT"
"10128188699866","1533331966706","19022","20000038","SWIPED_OUT"
"10128174484846","1533332245666","27602","40000009","SWIPED_OUT"
"10128174484846","1533332259221","13587","40000019","SWIPED_OUT"
"10128174484846","1533332265240","3482","40000020","SWIPED_OUT"
"10128174484846","1533332362255","7441","40000011","SWIPED_OUT"
"10128174484846","1533332366639","1824","40000013","SWIPED_OUT"
"10128174484846","1533332371472","704","40000015","SWIPED_OUT"
"10128174484846","1533332394540","9367","40000025","SWIPED_OUT"
"10128174484846","1533332578100","2176","30000053","SWIPED_OUT"
"10134015329369","1533335941260","37749","40000011","SWIPED_IN"
"10134015329369","1533335943241","1988","40000012","SWIPED_IN"
"10128188699866","1533336593063","22776","40000005","SWIPED_OUT"
"10128188699866","1533336752082","4629","20000043","SWIPED_OUT"
"10128188699866","1533336765761","1849","20000027","SWIPED_OUT"
"10128188699866","1533337036026","3295","40000009","SWIPED_OUT"
"10128188699866","1533337172600","14856","40000019","SWIPED_OUT"
"10128188699866","1533337174950","2131","40000019","SWIPED_OUT"
"10128188699866","1533337175933","1139","40000019","SWIPED_OUT"
"10128188699866","1533337190017","5921","40000026","SWIPED_OUT"
"10128188699866","1533337191758","1967","40000027","SWIPED_OUT"
"10128188699866","1533337474434","5795","30000053","SWIPED_OUT"
"10128174484846","1533330649532","7839","40000011","SWIPED_OUT"
"10128174484846","1533330654791","1852","40000013","SWIPED_OUT"
"10128174484846","1533330656997","889","40000015","SWIPED_OUT"
"10128174484846","1533330658704","775","40000017","SWIPED_OUT"
"10128174484846","1533330660754","2085","40000018","SWIPED_IN"
"10128174484846","1533330663240","2478","20000043","SWIPED_OUT"
"10128174484846","1533330670685","7411","40000005","SWIPED_OUT"
"10128174484846","1533330680674","5216","40000007","SWIPED_OUT"
"10128188699866","1533331930871","8154","40000010","SWIPED_OUT"
"10128188699866","1533331934926","2153","40000012","SWIPED_OUT"
"10128188699866","1533331938789","2510","40000014","SWIPED_OUT"
"10128188699866","1533331944611","1581","40000016","SWIPED_OUT"
"10128174484846","1533332219561","6255","40000008","SWIPED_OUT"
"10128174484846","1533332283857","20692","40000021","SWIPED_OUT"
"10128174484846","1533332289464","5724","40000022","SWIPED_OUT"
"10128174484846","1533332293472","3674","40000023","SWIPED_OUT"
"10128174484846","1533332353635","22503","40000010","SWIPED_OUT"
"10128174484846","1533332365117","3226","40000012","SWIPED_OUT"
"10128174484846","1533332369840","811","40000014","SWIPED_OUT"
"10128174484846","1533332373973","718","40000018","SWIPED_OUT"
"10128174484846","1533332396949","799","40000026","SWIPED_OUT"
"10128174484846","1533332467993","7095","30000053","SWIPED_OUT"
"10134015329369","1533335948118","4467","40000013","SWIPED_IN"
"10134015329369","1533335952970","4897","40000014","SWIPED_OUT"
"10128188699866","1533336747519","6793","20000038","SWIPED_OUT"
"10128188699866","1533336755617","3510","20000026","SWIPED_OUT"
"10128188699866","1533336875029","6998","40000006","SWIPED_OUT"
"10128188699866","1533336889187","13941","40000007","SWIPED_OUT"
"10128188699866","1533337032405","45623","40000008","SWIPED_OUT"
"10128188699866","1533337055996","20449","40000019","SWIPED_IN"
"10128188699866","1533337067662","11757","40000019","SWIPED_OUT"
"10128188699866","1533337070585","2923","40000019","SWIPED_OUT"
"10128188699866","1533337072091","1492","40000019","SWIPED_OUT"
"10128188699866","1533337080252","4907","40000020","SWIPED_OUT"
"10128188699866","1533337242417","4018","20000038","SWIPED_OUT"
"10128188699866","1533337250081","7633","20000043","SWIPED_IN"
"10128188699866","1533337463551","6516","20000026","SWIPED_OUT"
"10128188699866","1533337476900","2462","30000049","SWIPED_OUT"
"10134051513507","1533391064842","10357","40000010","SWIPED_IN"
"10134051513507","1533391071463","6260","40000011","SWIPED_IN"
"10134051513507","1533391084441","13103","40000012","SWIPED_IN"
"10134051513507","1533391125431","23461","30000053","SWIPED_IN"
"10134051513507","1533391133687","8327","30000049","SWIPED_IN"
"10134051513507","1533391164660","5079","40000019","SWIPED_IN"
"10134051513507","1533391191158","8320","40000010","SWIPED_IN"
"10134051513507","1533391195848","2095","40000020","SWIPED_IN"
"10134051513507","1533391205201","8191","40000021","SWIPED_IN"
"10134051513507","1533391210385","5998","40000022","SWIPED_IN"
"10134051513507","1533391213088","3009","40000023","SWIPED_IN"
"10134051513507","1533391238192","1943","40000013","SWIPED_IN"
"10134051513507","1533391271424","1832","40000014","SWIPED_IN"
"10134051513507","1533391276553","4771","40000015","SWIPED_IN"
"10134051513507","1533391280271","3172","40000016","SWIPED_IN"
"10134051513507","1533391282608","3062","40000017","SWIPED_IN"
"10134051513507","1533391287169","4591","40000018","SWIPED_IN"
"10134051513507","1533391290628","3240","20000038","SWIPED_IN"
"10134051513507","1533391293983","3323","20000043","SWIPED_IN"
"10134051513507","1533391303008","9323","40000005","SWIPED_IN"
"10134051513507","1533391307591","4405","40000006","SWIPED_IN"
"10134051513507","1533391311385","3960","40000007","SWIPED_IN"
"10134051513507","1533391314547","2924","40000008","SWIPED_IN"
"10134051513507","1533391317578","3090","40000009","SWIPED_IN"
"10134051513507","1533391329010","2716","30000053","SWIPED_IN"
"10134051513507","1533391330748","1796","30000049","SWIPED_IN"
"10134051513507","1533394264224","4225","40000005","SWIPED_IN"
"10134051513507","1533394267669","3344","40000006","SWIPED_IN"
"10134051513507","1533394269765","2273","40000007","SWIPED_IN"
"10134051513507","1533394271584","1897","40000008","SWIPED_IN"
"10134051513507","1533394273625","1474","40000009","SWIPED_IN"
"10134051513507","1533395130056","15667","20000027","SWIPED_IN"
"10134015329369","1533397020001","9418","40000010","SWIPED_IN"
"10134051513507","1533403776887","1739","20000026","SWIPED_IN"
"10134051513507","1533569454701","20807","20000033","SWIPED_IN"
"10134051513507","1533569457684","2340","20000043","SWIPED_IN"
"10134051513507","1533574570379","9082","20000026","SWIPED_IN"
"10134051513507","1533574600755","30445","40000010","SWIPED_IN"
"10134051513507","1533586865668","18774","20000026","SWIPED_OUT"
"10134051513507","1533586870473","4691","40000010","SWIPED_IN"
"10134051513507","1533586880308","9703","40000011","SWIPED_OUT"
"10134051513507","1533586895021","5732","40000010","SWIPED_IN"
"10134051513507","1533586904744","9712","40000011","SWIPED_IN"
"10160379451194","1533609428","0","40000025","SWIPED_OUT"
"10134051513507","1533668019620","11398","20000033","SWIPED_IN"
"10134051513507","1533668022282","2662","20000043","SWIPED_IN"
"10134051513507","1533668043241","3350","40000005","SWIPED_IN"
"10134051513507","1533668045847","2666","40000006","SWIPED_IN"
"10134051513507","1533668050047","2568","40000007","SWIPED_IN"
"10134051513507","1533668051685","2449","40000008","SWIPED_IN"
"10134051513507","1533668053978","2340","40000009","SWIPED_IN"
"10134051513507","1533668066493","6032","30000053","SWIPED_IN"
"10134051513507","1533668070147","3655","30000049","SWIPED_IN"
"10134051513507","1533668082625","8495","20000027","SWIPED_IN"
"10134051513507","1533668089624","6720","20000038","SWIPED_IN"
"10134051513507","1533668091503","2453","20000043","SWIPED_IN"
"10134051513507","1533668101358","5562","40000019","SWIPED_IN"
"10134051513507","1533668104875","2773","40000020","SWIPED_IN"
"10134051513507","1533668108164","3620","40000021","SWIPED_IN"
"10134051513507","1533668110783","3231","40000022","SWIPED_IN"
"10134051513507","1533668113027","2221","40000023","SWIPED_IN"
"10134051513507","1533668119608","2967","40000005","SWIPED_IN"
"10134051513507","1533668121108","1463","40000006","SWIPED_IN"
"10134051513507","1533668122567","1437","40000007","SWIPED_IN"
"10134051513507","1533668123290","776","40000008","SWIPED_IN"
"10134051513507","1533668124084","798","40000009","SWIPED_IN"
"10134051513507","1533668129337","2644","40000010","SWIPED_IN"
"10134051513507","1533668131177","1965","40000011","SWIPED_IN"
"10134051513507","1533668134241","2910","40000012","SWIPED_IN"
"10134051513507","1533668137832","2431","40000013","SWIPED_IN"
"10134051513507","1533668140010","1974","40000014","SWIPED_IN"
"10134051513507","1533668144749","2483","40000015","SWIPED_IN"
"10134051513507","1533668148382","4720","40000016","SWIPED_IN"
"10134051513507","1533668156095","2505","40000017","SWIPED_IN"
"10134051513507","1533668158007","2593","40000018","SWIPED_IN"
"10134051513507","1533668162277","2650","40000019","SWIPED_IN"
"10134051513507","1533668172292","10311","40000019","SWIPED_IN"
"10134051513507","1533673442005","4632","40000025","SWIPED_IN"
"10134051513507","1533673451475","6605","40000026","SWIPED_OUT"
"10134070550268","1533673933425","9523","40000010","SWIPED_OUT"
"10134070550268","1533673937694","4335","40000011","SWIPED_IN"
"10134070550268","1533673941799","4098","40000012","SWIPED_OUT"
"10134070550268","1533673943214","1484","40000013","SWIPED_OUT"
"10134070550268","1533673944317","1107","40000014","SWIPED_OUT"
"10134070550268","1533674131422","3203","40000010","SWIPED_OUT"
"10134070550268","1533674217659","5298","20000038","SWIPED_IN"
"10134070550268","1533674220336","2703","20000043","SWIPED_IN"
"10134070550268","1533674225955","5610","20000026","SWIPED_IN"
"10134011132212","1533716142","0","40000017","SWIPED_OUT"
"10134051513507","1533752860686","2691","40000020","SWIPED_IN"
"10134051513507","1533752870197","2509","40000019","SWIPED_IN"
"10134051513507","1533752871993","1943","40000020","SWIPED_IN"
"10134051513507","1533752873822","1815","40000021","SWIPED_IN"
"10134051513507","1533752875096","1268","40000022","SWIPED_IN"
"10134051513507","1533752876741","1647","40000023","SWIPED_IN"
"10134051513507","1533752888227","4936","40000029","SWIPED_IN"
"10134051513507","1533752891199","2900","40000030","SWIPED_IN"
"10134051513507","1533752891371","1321","40000031","SWIPED_IN"
"10134051513507","1533752894218","2137","40000032","SWIPED_IN"
"10134051513507","1533752898278","4112","40000033","SWIPED_IN"
"10134051513507","1533752908441","5773","40000029","SWIPED_IN"
"10134051513507","1533752910774","2318","40000030","SWIPED_IN"
"10134051513507","1533752912717","1937","40000031","SWIPED_IN"
"10134051513507","1533752914473","1766","40000032","SWIPED_IN"
"10160379451194","1533779101","0","40000027","SWIPED_OUT"
"10134051513507","1533816641536","2449","40000019","SWIPED_IN"
"10134051513507","1533816642204","701","40000020","SWIPED_IN"
"10134051513507","1533816642958","753","40000021","SWIPED_IN"
"10134051513507","1533816644256","1238","40000022","SWIPED_IN"
"10134051513507","1533816644763","570","40000023","SWIPED_IN"
"10134051513507","1533816665263","4144","40000029","SWIPED_IN"
"10134051513507","1533816665478","761","40000030","SWIPED_IN"
"10134051513507","1533816666142","662","40000031","SWIPED_IN"
"10134051513507","1533816666802","665","40000032","SWIPED_IN"
"10134051513507","1533816667794","971","40000033","SWIPED_IN"
"10134051513507","1533816678940","4318","20000033","SWIPED_IN"
"10134051513507","1533816680357","1971","20000043","SWIPED_IN"
"10160379451194","1533806650","0","40000025","SWIPED_OUT"
"10134051513507","1533857926152","3403","40000029","SWIPED_IN"
"10134051513507","1533857927244","1108","40000030","SWIPED_IN"
"10134051513507","1533857928086","846","40000031","SWIPED_IN"
"10134051513507","1533857929117","1018","40000032","SWIPED_IN"
"10160366662143","1533908285190","21286","20000043","SWIPED_IN"
"10160366662143","1533908296440","2983","40000013","SWIPED_IN"
"10160366662143","1533908304707","1029","40000015","SWIPED_IN"
"10128110002624","1533914706945","7995","40000011","SWIPED_OUT"
"10128110002624","1533914752356","2073","30000049","SWIPED_IN"
"10128110002624","1533914756203","1565","40000023","SWIPED_IN"
"10160366662143","1533908293795","5973","40000011","SWIPED_OUT"
"10160366662143","1533908304994","1061","40000016","SWIPED_IN"
"10160366662143","1533908306127","2046","40000017","SWIPED_IN"
"10160366662143","1533908324495","17566","40000011","SWIPED_OUT"
"10160366662143","1533908326806","1629","40000014","SWIPED_IN"
"10128110002624","1533914719433","7039","40000013","SWIPED_OUT"
"10128110002624","1533914750248","9993","30000053","SWIPED_IN"
"10160366662143","1533908286035","2753","40000010","SWIPED_IN"
"10160366662143","1533908294034","1418","40000012","SWIPED_OUT"
"10128110002624","1533914698978","4760","40000010","SWIPED_IN"
"10128110002624","1533914729770","2687","40000015","SWIPED_IN"
"10128110002624","1533914737654","6475","40000017","SWIPED_IN"
"10128110002624","1533914740276","2626","40000018","SWIPED_IN"
"10160366662143","1533908304424","5562","40000014","SWIPED_OUT"
"10160366662143","1533908306958","992","40000018","SWIPED_IN"
"10160366662143","1533908325162","675","40000012","SWIPED_OUT"
"10128110002624","1533914694224","13280","20000043","SWIPED_OUT"
"10128110002624","1533914712418","5455","40000012","SWIPED_IN"
"10128110002624","1533914727109","7653","40000014","SWIPED_IN"
"10128110002624","1533914731096","1382","40000016","SWIPED_IN"
"10128110002624","1533914754850","2372","40000019","SWIPED_IN"
"10128110002624","1533914759226","2948","40000025","SWIPED_OUT"
"10134011546475","1533944522090","8627","40000010","SWIPED_OUT"
"10134011546475","1533944523629","1541","40000018","SWIPED_OUT"
"10134011546475","1533944596160","72452","40000039","SWIPED_IN"
"10134011546475","1533944613052","6327","40000010","SWIPED_OUT"
"10134011546475","1533944614274","1266","40000018","SWIPED_OUT"
"10134011546475","1533944648545","8237","40000029","SWIPED_IN"
"10134011546475","1533944652188","3564","40000030","SWIPED_IN"
"10134011546475","1533944652890","848","40000031","SWIPED_IN"
"10134011546475","1533944653780","890","40000032","SWIPED_IN"
"10134011546475","1533944657745","3879","40000033","SWIPED_IN"
"10134011546475","1533944662545","4841","20000038","SWIPED_IN"
"10134051513507","1533958395448","13006","40000039","SWIPED_IN"
"10134051513507","1533958406924","2448","40000039","SWIPED_IN"
"10134051513507","1533981094674","3455","40000039","SWIPED_IN"
"10134051513507","1533981097568","2602","40000040","SWIPED_IN"
"10134051513507","1533981106108","4260","30000053","SWIPED_IN"
"10134051513507","1533981107672","1658","30000049","SWIPED_IN"
"10134055616513","1533989667088","13766","40000039","SWIPED_IN"
"10134055616513","1533989676848","10288","40000010","SWIPED_OUT"
"10134055616513","1533989683906","6608","40000011","SWIPED_OUT"
"10134055616513","1533989690571","6560","40000012","SWIPED_OUT"
"10134055616513","1533989701893","10583","40000013","SWIPED_OUT"
"10134055616513","1533989720792","20133","40000014","SWIPED_IN"
"10134055616513","1533989727325","5415","40000015","SWIPED_IN"
"10134055616513","1533989730742","4478","40000016","SWIPED_IN"
"10134055616513","1533989734975","3624","40000017","SWIPED_OUT"
"10134055616513","1533989740623","6355","40000018","SWIPED_OUT"
"10134055616513","1533989749497","8251","20000043","SWIPED_OUT"
"10134055616513","1533990720861","11535","40000040","SWIPED_IN"
"10134051513507","1533991330713","4626","20000033","SWIPED_IN"
"10134051513507","1533991343776","9523","40000039","SWIPED_IN"
"10160379451194","1533971393","0","40000032","SWIPED_OUT"
"10153719210054","1534601232873","10909","40000041","SWIPED_OUT"
"10134030007586","1534581337","0","40000031","SWIPED_OUT"
"10153747215666","1534603732006","2968","20000026","SWIPED_IN"
"10160379451194","1534608245","0","40000022","SWIPED_OUT"
"10128184674056","1534636825741","3634","40000016","SWIPED_IN"
"10128184674056","1534636859390","1005","40000012","SWIPED_OUT"
"10128184674056","1534636862609","2211","40000014","SWIPED_OUT"
"10128184674056","1534636866297","881","40000018","SWIPED_OUT"
"10128184674056","1534636871947","1506","40000052","SWIPED_OUT"
"10134012147603","1534646490389","6993","40000011","SWIPED_OUT"
"10134012147603","1534674452529","7211","40000014","SWIPED_OUT"
"10134018256604","1534675027636","1312","20000043","SWIPED_OUT"
"10128184674056","1534636858398","1948","40000011","SWIPED_OUT"
"10128184674056","1534636865426","1503","40000017","SWIPED_OUT"
"10128184674056","1534636868945","882","40000036","SWIPED_OUT"
"10128184674056","1534636870462","705","40000038","SWIPED_OUT"
"10134012147603","1534646483386","14151","40000010","SWIPED_OUT"
"10134012147603","1534674450714","8186","40000013","SWIPED_OUT"
"10134012147603","1534674490256","6635","40000017","SWIPED_OUT"
"10134018256604","1534675003924","3609","40000007","SWIPED_OUT"
"10134018256604","1534675011424","4282","40000009","SWIPED_OUT"
"10134018256604","1534675013211","1878","40000010","SWIPED_OUT"
"10134018256604","1534675017979","3304","40000013","SWIPED_OUT"
"10134018256604","1534675019144","1498","40000014","SWIPED_OUT"
"10128184674056","1534636856533","5793","40000010","SWIPED_IN"
"10128184674056","1534636863921","647","40000016","SWIPED_OUT"
"10128184674056","1534636868056","849","40000035","SWIPED_OUT"
"10134012147603","1534674490023","7556","40000016","SWIPED_OUT"
"10134018256604","1534675000258","4902","40000006","SWIPED_OUT"
"10134018256604","1534675014256","1045","40000012","SWIPED_OUT"
"10134018256604","1534675020590","1512","40000016","SWIPED_OUT"
"10134018256604","1534675026404","4478","40000018","SWIPED_OUT"
"10128184674056","1534636860326","910","40000013","SWIPED_OUT"
"10128184674056","1534636863737","750","40000015","SWIPED_OUT"
"10128184674056","1534636867207","911","40000034","SWIPED_OUT"
"10128184674056","1534636869731","794","40000037","SWIPED_OUT"
"10134012147603","1534646553112","62830","40000012","SWIPED_OUT"
"10134012147603","1534674455471","11819","40000015","SWIPED_OUT"
"10134018256604","1534675007157","3221","40000008","SWIPED_OUT"
"10134018256604","1534675021849","1279","40000017","SWIPED_OUT"
"10134012147603","1534679195144","9946","40000018","SWIPED_OUT"
"10134012147603","1534679229787","34752","20000043","SWIPED_IN"
"10134012147603","1534679305069","46499","40000039","SWIPED_IN"
"10134012147603","1534679314183","8075","40000040","SWIPED_OUT"
"10134012147603","1534679323677","10628","40000010","SWIPED_OUT"
"10134012147603","1534679325938","2257","40000011","SWIPED_OUT"
"10134012147603","1534679327532","1604","40000012","SWIPED_OUT"
"10134012147603","1534679328477","946","40000013","SWIPED_OUT"
"10134012147603","1534679329387","900","40000014","SWIPED_OUT"
"10134012147603","1534679330587","1209","40000015","SWIPED_OUT"
"10134012147603","1534679331277","673","40000016","SWIPED_OUT"
"10134012147603","1534679333022","1719","40000017","SWIPED_OUT"
"10134012147603","1534679336579","3594","40000018","SWIPED_OUT"
"10134012147603","1534679338525","1950","40000040","SWIPED_OUT"
"10134012147603","1534679420055","81435","40000019","SWIPED_OUT"
"10134012147603","1534679463105","42962","40000005","SWIPED_OUT"
"10134012147603","1534679474585","11528","40000006","SWIPED_OUT"
"10134012147603","1534679487211","12663","40000007","SWIPED_OUT"
"10134012147603","1534679501537","14304","40000008","SWIPED_OUT"
"10134012147603","1534679505841","3302","40000009","SWIPED_OUT"
"10134012147603","1534679535448","30622","40000020","SWIPED_OUT"
"10134012147603","1534679553268","17779","40000021","SWIPED_OUT"
"10153733182414","1534659737","0","40000018","SWIPED_OUT"
"10134012147603","1534693642159","9752","20000043","SWIPED_IN"
"10134012147603","1534693643903","1788","40000039","SWIPED_IN"
"10134012147603","1534693664987","20903","20000038","SWIPED_OUT"
"10134012147603","1534693685468","20518","40000022","SWIPED_OUT"
"10134012147603","1534693700846","15435","40000023","SWIPED_OUT"
"10134012147603","1534693717389","16589","40000025","SWIPED_OUT"
"10134012147603","1534693718475","1129","40000026","SWIPED_OUT"
"10134012147603","1534693720948","2463","40000027","SWIPED_OUT"
"10134012147603","1534693721576","528","40000028","SWIPED_OUT"
"10134012147603","1534693722977","1066","40000024","SWIPED_OUT"
"10134012147603","1534693726034","3495","40000040","SWIPED_OUT"
"10134012147603","1534693727053","979","40000010","SWIPED_OUT"
"10134012147603","1534693728658","1615","40000011","SWIPED_OUT"
"10134012147603","1534693729488","677","40000012","SWIPED_OUT"
"10134012147603","1534693730356","669","40000013","SWIPED_OUT"
"10134012147603","1534693731338","1192","40000014","SWIPED_OUT"
